1,Children of the Gods,
3,The Enemy Within,
4,Emancipation,
5,The Broca Divide,
6,The First Commandment,
7,Cold Lazarus,
8,The Nox,
9,Brief Candle,
10,Thor's Hammer,
11,The Torment of Tantalus,
12,Bloodlines,
13,Fire and Water,
14,Hathor,
15,Singularity,
16,Cor-Ai,
17,Enigma,
18,Solitudes,
19,Tin Man,
20,There But for the Grace of God,
21,Politics,
22,Within the Serpent's Grasp,
23,The Serpent's Lair,
24,In the Line of Duty,
25,Prisoners,
26,The Gamekeeper,
27,Need,
28,Thor's Chariot,
29,Message in a Bottle,
30,Family,
31,Secrets,
32,Bane,
33,The Tok'ra: Part 1,
34,The Tok'ra: Part 2,
35,Spirits,
36,Touchstone,
37,The Fifth Race,
38,A Matter of Time,
39,Holiday,
40,Serpent's Song,
41,One False Step,
42,Show and Tell,
43,1969,
44,Out of Mind,
45,Into the Fire,
46,Seth,
47,Fair Game,
48,Legacy,
49,Learning Curve,
50,Point of View,
51,Deadman Switch,
52,Demons,
53,Rules of Engagement,
54,Forever in a Day,
55,Past and Present,
56,Jolinar's Memories,
57,The Devil You Know,
58,Foothold,
59,Pretense,
60,Urgo,
61,A Hundred Days,
62,Shades of Grey,
63,New Ground,
64,Maternal Instinct,
65,Crystal Skull,
66,Nemesis,
67,Small Victories,
68,The Other Side,
69,Upgrades,
70,Crossroads,
71,Divide and Conquer,
72,Window of Opportunity,
73,Watergate,
74,The First Ones,
75,Scorched Earth,
76,Beneath the Surface,
77,Point of No Return,
78,Tangent,
79,The Curse,
80,The Serpent's Venom,
81,Chain Reaction,
82,2010,
83,Absolute Power,
84,The Light,
85,Prodigy,
86,Entity,
87,Double Jeopardy,
88,Exodus,
89,Enemies,
90,Threshold,
91,Ascension,
92,The Fifth Man,
93,Red Sky,
94,Rite of Passage,
95,Beast of Burden,
96,The Tomb,
97,Between Two Fires,
98,2001,
99,Desperate Measures,
100,Wormhole X-Treme!,
101,Proving Ground,
102,48 Hours,
103e,Summit,
104,Last Stand,
105,Fail Safe,
106,The Warrior,
107,Menace,
108,The Sentinel,
109,Meridian,
110,Revelations,
111,Redemption: Part 1,
112,Redemption: Part 2,
113,Descent,
114,Frozen,
115,Nightwalkers,
116,Abyss,
117,Shadow Play,
118,The Other Guys,
119,Allegiance,
120,Cure,
121,Prometheus,
122,Unnatural Selection,
123,Sight Unseen,
124,Smoke & Mirrors,
125,Paradise Lost,
126,Metamorphosis,
127,Disclosure,
128,Forsaken,
129,The Changeling,
130,Memento,
131,Prophecy,
132,Full Circle,
133,Fallen,
134,Homecoming,
135,Fragile Balance,
136,Orpheus,
137,Revisions,
138,Lifeboat,
139,Enemy Mine,
140,Space Race,
141,Avenger 2.0,
142,Birthright,
143,Evolution: Part 1,
144,Evolution: Part 2,
145,Grace,
146,Fallout,
147,Chimera,
148,Death Knell,
149,Heroes: Part 1,
150,Heroes: Part 2,
151,Resurrection,
152,Inauguration,
153,Lost City: Part 1,
154,Lost City: Part 2,
155156,New Order,
157,Lockdown,
158,Zero Hour,
159,Icon,
160,Avatar,
161,Affinity,
162,Covenant,
163,Sacrifices,
164,Endgame,
165,Gemini,
166,Prometheus Unbound,
167,It's Good to Be King,
168,Full Alert,
169,Citizen Joe,
170,Reckoning: Part 1,
171,Reckoning: Part 2,
172,Threads,
173,Moebius: Part 1,
174,Moebius: Part 2,
175,Avalon: Part 1,2.1[2]
176,Avalon: Part 2,2.1[3]
177,Origin,2.0[4]
178,The Ties That Bind,2.0[5]
179,The Powers That Be,2.0[6]
180,Beachhead,1.9[7]
181,Ex Deus Machina,1.9[8]
182,Babylon,2.0[9]
183,Prototype,1.8[10]
184,The Fourth Horseman: Part 1,1.8[10]
185,The Fourth Horseman: Part 2,1.9[11]
186,Collateral Damage,1.7[12]
187,Ripple Effect,1.8[13]
188,Stronghold,1.8[14]
189,Ethon,1.6[15]
190,Off the Grid,1.6[15]
191,The Scourge,1.6[16]
192,Arthur's Mantle,1.7[17]
193,Crusade,1.8[18]
194,Camelot,1.9[19]
195,Flesh and Blood,
196,Morpheus,
197,The Pegasus Project,
198,Insiders,
199,Uninvited,
200,200,
201,Counterstrike,
202,Memento Mori,
203,Company of Thieves,
204,The Quest Part 1,
205,The Quest Part 2,
206,Line in the Sand,
207,The Road Not Taken,
208,The Shroud,
209,Bounty,
210,Bad Guys,
211,Talion,
212,Family Ties,
213,Dominion,
214,Unending,